Feature_Category,Feature_Name,Description,User_Benefit,Implementation_Method,Priority_Level,Polish_Impact
UI_Polish_Animations,Smooth Transitions,All UI elements transition smoothly with professional animations,Enhanced user experience with polished feel,CSS transitions and keyframe animations,High,Major visual polish improvement
UI_Polish_Visual_Feedback,Interactive Feedback,Buttons and elements provide clear visual feedback on interaction,User confidence in interface interaction,Hover effects; click animations; state changes,High,Immediate user experience enhancement
UI_Polish_Progressive_Enhancement,Loading States,Professional loading indicators and progressive content loading,User understanding of system processing,Loading overlays; progress indicators; skeleton screens,Medium,Professional application feel
UI_Polish_Error_Handling,Graceful Error Management,Errors handled gracefully with helpful user guidance,User frustration reduction and problem resolution,Try-catch blocks; user-friendly error messages; recovery suggestions,High,Professional reliability and user trust
UX_Enhancement_Tooltips,Contextual Help,Comprehensive tooltips explaining all features and mechanics,User education and feature discovery,Dynamic tooltip system with rich content,High,User learning and feature adoption
UX_Enhancement_Keyboard_Navigation,Accessibility Navigation,Full keyboard navigation for power users and accessibility,Professional workflow efficiency and accessibility compliance,Tabindex management; keyboard event handling; focus management,Medium,Professional accessibility and power user efficiency
UX_Enhancement_Undo_Redo,Action History,Undo/redo functionality for character creation and combat actions,User confidence and experimentation encouragement,Action stack management with state preservation,High,User confidence and creative experimentation
UX_Enhancement_Auto_Save,Data Protection,Automatic saving of work to prevent data loss,User data protection and peace of mind,Local storage with periodic saving and recovery,High,User data security and trust
UX_Enhancement_Export_Import,Data Portability,Export characters and scenarios for sharing and backup,User data ownership and sharing capability,JSON export/import with validation,Medium,Professional data management capability
UX_Enhancement_Comparison_Mode,Side_By_Side_Analysis,Compare characters; powers; equipment side-by-side,Informed decision making with comprehensive analysis,Dynamic comparison tables with highlighting,High,Professional analysis and decision-making support
Search_Enhancement_Fuzzy_Search,Intelligent Search,Search that handles typos and approximate matches,User search success even with imperfect input,Fuzzy string matching algorithms,Medium,User-friendly search with error tolerance
Search_Enhancement_Auto_Complete,Predictive Input,Auto-completion of search terms and character names,User input efficiency and feature discovery,Trie-based auto-completion with relevance scoring,High,User input efficiency and feature discovery
Search_Enhancement_Advanced_Filters,Power_User_Tools,Professional-grade filtering with boolean logic,Power user efficiency and precise control,Boolean filter logic with UI builder,Medium,Professional user tool capability
Search_Enhancement_Saved_Searches,Productivity_Tools,Save frequently used search and filter combinations,User productivity and workflow optimization,Local storage of named search configurations,Low,Power user workflow optimization
Visualization_Enhancement_Damage_Numbers,Combat_Feedback,Floating damage numbers and visual combat effects,Clear combat feedback and engagement,CSS animations with damage calculation integration,High,Combat engagement and clarity
Visualization_Enhancement_Health_Bars,Status_Display,Animated health and status bars with smooth transitions,Clear character status understanding,Animated CSS with real-time updates,High,Clear status communication
Visualization_Enhancement_Grid_Effects,Tactical_Visualization,Visual effects for powers; explosions; environmental destruction,Tactical clarity and visual engagement,CSS effects with combat integration,Medium,Tactical engagement and clarity
Visualization_Enhancement_Character_Portraits,Character_Identity,Character portraits and visual representation,Character identity and emotional investment,Avatar system with character customization,Low,Character attachment and personalization
Data_Management_Batch_Operations,Efficiency_Tools,Bulk operations for testing and analysis,Professional testing workflow efficiency,Batch processing with progress indication,Medium,Professional workflow efficiency
Data_Management_Configuration_Presets,Workflow_Optimization,Saved configurations for different testing scenarios,User workflow optimization and consistency,Configuration management with named presets,Low,Professional workflow consistency
Data_Management_Data_Validation,Quality_Assurance,Automatic validation of character builds and scenarios,Data integrity and error prevention,Real-time validation with helpful guidance,High,Professional data integrity and user guidance
Data_Management_Backup_Recovery,Data_Protection,Automatic backup and recovery of user data,User data protection and disaster recovery,Automatic backup with user recovery options,Medium,User data security and peace of mind
Performance_Enhancement_Lazy_Loading,Responsiveness,Load content progressively for better performance,System responsiveness with large datasets,Progressive loading with performance monitoring,Medium,Professional performance with large datasets
Performance_Enhancement_Caching,Speed_Optimization,Intelligent caching for frequently accessed data,User interface responsiveness,Local caching with smart invalidation,Low,System responsiveness optimization
Performance_Enhancement_Optimization,Efficiency,Optimized algorithms for combat simulation,Fast simulation processing,Efficient computation with result caching,Medium,Professional simulation performance
Accessibility_Screen_Reader,Disability_Support,Screen reader compatibility for visually impaired users,Universal accessibility compliance,ARIA labels; semantic HTML; screen reader testing,Medium,Universal accessibility and legal compliance
Accessibility_Color_Blind,Visual_Accessibility,Color-blind friendly design with multiple visual cues,Visual accessibility for color vision differences,Color-blind safe palette; shape indicators; pattern usage,Low,Inclusive design for visual accessibility
Accessibility_Motor_Impairment,Physical_Accessibility,Large click targets and motor-impairment friendly controls,Physical accessibility for users with motor difficulties,Large buttons; drag tolerance; alternative input methods,Low,Universal physical accessibility
Professional_Documentation,User_Documentation,Comprehensive user guide and system documentation,User education and professional adoption,Integrated help system; video tutorials; comprehensive guides,High,Professional adoption and user education
Professional_API_Integration,Developer_Tools,API for integration with other tools and systems,Developer adoption and ecosystem integration,RESTful API with comprehensive documentation,Low,Developer ecosystem and professional integration
Professional_Metrics_Dashboard,Analytics,Professional analytics and usage metrics,User behavior analysis and system optimization,Analytics integration with privacy protection,Low,Professional system optimization and user behavior understanding
Professional_White_Label,Customization,White-label capability for professional adoption,Professional customization and branding,Configurable branding and professional customization options,Low,Professional adoption and customization capability
Quality_Of_Life_Hotkeys,Power_User_Efficiency,Comprehensive hotkey system for all major functions,Power user efficiency and professional workflow,Configurable hotkey system with conflict detection,Medium,Professional power user efficiency
Quality_Of_Life_Themes,Visual_Customization,Multiple visual themes for user preference,User visual preference accommodation,CSS custom properties with theme switching,Low,User visual preference and personalization
Quality_Of_Life_Window_Management,Workspace_Organization,Multiple window support and workspace organization,Professional workspace organization,Multi-window support with state synchronization,Low,Professional workspace efficiency
Quality_Of_Life_Batch_Testing,Testing_Efficiency,Batch testing capabilities for comprehensive analysis,Professional testing workflow efficiency,Queue management with parallel processing,Medium,Professional testing capability
Quality_Of_Life_Result_History,Result_Management,Comprehensive history and tracking of all test results,Result analysis and trend tracking,Database integration with search and analysis,Low,Professional result management and analysis
Quality_Of_Life_Collaboration,Team_Features,Multi-user collaboration and sharing features,Team collaboration and knowledge sharing,User management with sharing and collaboration tools,Low,Professional team collaboration capability
Professional_Polish_Branding,Visual_Identity,Professional branding and visual identity,Professional appearance and credibility,Consistent branding; professional typography; polished visual design,High,Professional credibility and visual appeal
Professional_Polish_Responsive,Cross_Platform,Professional responsive design across all platforms,Universal platform compatibility,Mobile-first responsive design with platform optimization,High,Universal professional accessibility
Professional_Polish_Performance,System_Efficiency,Professional-grade performance optimization,User productivity through system responsiveness,Performance monitoring; optimization; efficient algorithms,Medium,Professional system performance and user productivity
Professional_Polish_Reliability,System_Stability,Professional reliability and error handling,User trust through system dependability,Comprehensive error handling; graceful degradation; recovery systems,High,Professional system reliability and user trust