Scenario_Type,AI_Prompt_Template,Variable_Inputs,Example_Generated_Event,Player_Impact,Dramatic_Potential,Realism_Level
Technology_Competition,"Generate a technology competition crisis where {Faction_A} develops {Technology_Type} causing {Faction_B} to respond with {Response_Type}. Include international implications and player choice consequences.","Faction_A, Faction_B, Technology_Type, Response_Type, Escalation_Level","China develops quantum LSW enhancement causing US to impose technology sanctions and threaten military action. European Union forced to choose sides while India offers mediation.","Players must choose between escalation and cooperation; Technology access affected; International operations complicated","High - Technology arms race with military implications","High - Based on real technology competition"
Border_Conflict,"Create a border incident where {Country_A} LSWs cross into {Country_B} territory causing {Incident_Type}. Show how {Faction_C} and {Faction_D} respond differently.","Country_A, Country_B, Incident_Type, Faction_C, Faction_D","Pakistani LSWs cross Kashmir border pursuing terrorists causing Indian military response. US supports India while China backs Pakistan creating proxy conflict.","Border operations become restricted; Faction authority affected; Investigation cooperation limited","Very High - Military escalation with superpower backing","High - Based on real geopolitical tensions"
Resource_Discovery,"Generate a crisis where valuable {Resource_Type} is discovered in {Location} causing international competition between {Faction_List}.","Resource_Type, Location, Faction_List, Strategic_Value","Alien technology deposits discovered in Congo triggering international competition. Nigeria claims African sovereignty while US/China/India seek resource access.","Resource access affects technology development; African operations authority; Continental vs international law","High - International resource competition","Medium - Fictional alien resources but realistic competition"
Humanitarian_Crisis,"Create a humanitarian disaster in {Location} requiring LSW response. Show how {Faction_A} prioritizes humanitarian aid while {Faction_B} pursues political advantage.","Location, Disaster_Type, Faction_A, Faction_B, Political_Complications","Earthquake in Nepal requires LSW rescue operations. India provides immediate humanitarian aid while China offers reconstruction loans with political conditions.","Humanitarian vs political priorities; International reputation effects; Regional authority implications","Medium - Moral choice vs political advantage","Very High - Based on real humanitarian responses"
Economic_Warfare,"Generate an economic conflict where {Economic_Power} uses LSW capabilities to manipulate {Target_Economy} causing {International_Response}.","Economic_Power, Target_Economy, LSW_Method, International_Response","Megacorp uses precognitive LSWs for market manipulation causing global financial instability. G7 considers LSW economic regulation while developing nations demand compensation.","Economic operations affected; Corporate vs government authority; International economic law implications","Medium - Economic manipulation focus","High - Based on real economic warfare concerns"
Alien_Contact,"Create a first contact scenario where {Faction} encounters {Alien_Type} leading to {Contact_Outcome} and international response.","Faction, Alien_Type, Contact_Outcome, International_Response, Secrecy_Level","Nigerian LSW team makes first contact with Gray aliens revealing alien LSW enhancement program. US demands information sharing while China attempts independent alien contact.","First contact protocols; Information sharing vs national advantage; Alien relationship management","Very High - First contact with aliens","Low - Fictional alien contact"
Religious_Conflict,"Generate a religious crisis where {Religious_Group} claims {Divine_Authority} over LSW powers challenging {Government_Authority}.","Religious_Group, Divine_Authority, Government_Authority, Secular_Response","Vatican declares LSW powers are divine gifts requiring church oversight. Italian government resists while Catholic countries consider religious LSW governance.","Religious vs secular authority; Constitutional implications; International religious politics","High - Religion vs government authority","Medium - Fictional religious claims but realistic institutional conflict"
Time_Travel_Crisis,"Create a temporal crisis where {Time_Faction} uses time travel for {Temporal_Goal} creating {Paradox_Risk} and {International_Response}.","Time_Faction, Temporal_Goal, Paradox_Risk, International_Response","US time traveler attempts to prevent 9/11 creating timeline paradox. UN establishes temporal authority while other factions demand time travel moratorium.","Time travel operations regulated; Timeline stability vs historical intervention; Temporal authority establishment","Very High - Timeline and reality implications","Low - Fictional time travel but realistic international response"
Corporate_Conspiracy,"Generate a corporate conspiracy where {Corporation} secretly {Conspiracy_Action} affecting {LSW_Community} discovered by {Investigating_Faction}.","Corporation, Conspiracy_Action, LSW_Community, Investigating_Faction","Multinational pharmaceutical company secretly doses population with LSW-suppressing drugs discovered by Indian investigation. Global health implications and corporate accountability crisis.","Corporate vs government authority; Global health implications; Corporate conspiracy investigation","High - Corporate power vs public safety","Medium - Fictional conspiracy but realistic corporate power concerns"
Military_Coup_Attempt,"Create a military crisis where {Military_Faction} attempts to {Military_Action} using LSW forces causing {Government_Response}.","Military_Faction, Military_Action, Government_Response, International_Reaction","Rogue military faction attempts coup using LSW soldiers. Democratic government requests international assistance while authoritarian nations consider supporting military.","Military vs civilian authority; Constitutional crisis; International intervention implications","Very High - Military coup with superpowers","High - Based on real military coup patterns"
Environmental_Disaster,"Generate an environmental crisis where LSW powers cause {Environmental_Damage} in {Location} requiring {International_Response}.","Environmental_Damage, Location, Responsible_Faction, International_Response","Fire-powered LSW battle causes Amazon rainforest fire affecting global climate. Brazil requests international assistance while environmental groups demand LSW regulation.","Environmental responsibility; Climate change implications; International environmental law","High - Global environmental implications","Very High - Based on real environmental crises"
Refugee_Crisis,"Create a refugee situation where {Crisis_Cause} forces LSW population displacement requiring {International_Response}.","Crisis_Cause, Origin_Country, LSW_Refugees, Destination_Countries, International_Response","Anti-LSW persecution in authoritarian regime creates LSW refugee crisis. Democratic nations debate LSW asylum while authoritarian nations demand LSW extradition.","LSW civil rights; International refugee law; Government vs LSW community relations","Medium - Human rights focus","Very High - Based on real refugee crises"
Intelligence_War,"Generate an intelligence conflict where {Intelligence_Agency} discovers {Secret_Operation} by {Target_Faction} leading to {Espionage_Response}.","Intelligence_Agency, Secret_Operation, Target_Faction, Espionage_Response","CIA discovers Chinese LSW infiltration of US government. Counterintelligence operation reveals double agents while China denies involvement.","Intelligence operations security; Espionage vs cooperation; Trust breakdown between factions","High - Intelligence warfare implications","Very High - Based on real espionage patterns"
Cultural_Clash,"Generate a cultural conflict where {Cultural_Practice} involving LSWs conflicts with {International_Standards} requiring diplomatic resolution.","Cultural_Practice, Culture_Origin, International_Standards, Diplomatic_Response","Traditional African LSW initiation practices conflict with international human rights standards. Nigeria defends cultural sovereignty while international community demands compliance.","Cultural sovereignty vs international standards; Human rights implications; Cultural authenticity vs global norms","Medium - Cultural sensitivity focus","High - Based on real cultural vs international law conflicts"
Nuclear_LSW_Crisis,"Create a nuclear crisis where {Nuclear_Nation} develops {Nuclear_LSW_Program} triggering {International_Response}.","Nuclear_Nation, Nuclear_LSW_Program, International_Response, Non_Proliferation","Pakistan develops nuclear-powered LSW program triggering international non-proliferation response. Nuclear powers demand inspection while Pakistan claims sovereignty.","Nuclear non-proliferation; LSW nuclear technology; International nuclear authority","Very High - Nuclear proliferation with superpowers","High - Based on real nuclear proliferation concerns"
Space_Race_LSW,"Generate a space competition where {Space_Faction} achieves {Space_Milestone} using LSW capabilities causing {International_Competition}.","Space_Faction, Space_Milestone, LSW_Space_Application, International_Competition","China establishes moon base using gravity-manipulation LSWs. US responds with space program acceleration while India offers international space cooperation.","Space authority; Off-world operations; International space law; Cosmic threat preparation","High - Space competition with superpowers","Medium - Fictional LSW space applications but realistic space competition"
Assassination_Plot,"Create an assassination crisis where {Target_Figure} faces {Assassination_Threat} by {Enemy_Faction} requiring {Protection_Response}.","Target_Figure, Assassination_Threat, Enemy_Faction, Protection_Response, Political_Implications","UN Secretary-General faces LSW assassination plot by anti-LSW extremists. International protection detail required while investigation reveals broader conspiracy.","VIP protection; International security; Extremist threats; Global leadership protection","Very High - International assassination with superpowers","Medium - Fictional LSW assassination but realistic security concerns"
Terrorism_Response,"Generate a terrorism crisis where {Terrorist_Group} uses {LSW_Terrorism} against {Target_Population} requiring {Counter_Terrorism_Response}.","Terrorist_Group, LSW_Terrorism, Target_Population, Counter_Terrorism_Response","Extremist group uses mind-control LSWs for mass psychological terrorism. International counter-terrorism cooperation required while civil liberties debate emerges.","Counter-terrorism authority; Civil liberties vs security; International cooperation; Mental LSW regulation","Very High - Terrorism with mind control","Medium - Fictional mental terrorism but realistic counter-terrorism response"
Diplomatic_Summit,"Generate a diplomatic summit where {Summit_Purpose} brings together {Faction_List} to address {Global_Issue}.","Summit_Purpose, Faction_List, Global_Issue, Negotiation_Stakes","LSW Regulation Summit brings all factions together to address cosmic threat preparation. Negotiations complicated by trust issues and competing national interests.","Diplomatic authority; International cooperation; Global governance; Cosmic threat preparation coordination","Medium - Diplomatic negotiation focus","Very High - Based on real international summit patterns"
Revolution_Movement,"Create a revolution scenario where {Population_Group} revolts against {Government_Authority} using {LSW_Support}.","Population_Group, Government_Authority, LSW_Support, Revolution_Goals","Democratic revolution in authoritarian nation supported by freedom-fighting LSWs. International community debates intervention while authoritarian allies support regime.","Revolution support vs government stability; Democratic vs authoritarian systems; International intervention","Very High - Revolution with superpowers","High - Based on real democratic revolution patterns but with fictional LSW involvement"